Date,Temperature (ºC),Location
7/26/2018,18.9,Lansing 
7/26/2018,18.9,Lansing 
7/26/2018,18.9,Lansing 
7/26/2018,20,Lansing 
7/26/2018,19.4,Lansing 
7/26/2018,19.4,Lansing 
7/26/2018,18.9,Lansing 
7/26/2018,20.6,Lansing 
7/26/2018,20.6,Lansing 
7/26/2018,21.7,Lansing 
7/26/2018,22.2,Lansing 
7/26/2018,21.7,Lansing 
7/26/2018,22.8,Lansing 
7/26/2018,22.8,Lansing 
7/26/2018,22.8,Lansing 
7/26/2018,24.4,Lansing 
7/26/2018,26.1,Lansing 
7/26/2018,26.7,Lansing 
7/26/2018,26.7,Lansing 
7/26/2018,26.1,Lansing 
7/26/2018,26.7,Lansing 
7/26/2018,26.1,Lansing 
7/26/2018,25,Lansing 
7/26/2018,23.3,Lansing 
7/26/2018,22.8,Lansing 
7/26/2018,22.8,Lansing 
7/26/2018,21.7,Lansing 
7/26/2018,19.4,Lansing 
7/26/2018,18.9,Lansing 
7/26/2018,16.7,Lansing 
7/26/2018,17.2,Lansing 
7/26/2018,,Lansing 
7/27/2018,16.7,Lansing 
7/27/2018,16.7,Lansing 
7/27/2018,16.1,Lansing 
7/27/2018,16.1,Lansing 
7/27/2018,16.1,Lansing 
7/27/2018,15.6,Lansing 
7/27/2018,16.1,Lansing 
7/27/2018,17.2,Lansing 
7/27/2018,20,Lansing 
7/27/2018,20.6,Lansing 
7/27/2018,20.6,Lansing 
7/27/2018,22.2,Lansing 
7/27/2018,23.3,Lansing 
7/27/2018,21.7,Lansing 
7/27/2018,21.7,Lansing 
7/27/2018,24.4,Lansing 
7/27/2018,24.4,Lansing 
7/27/2018,25,Lansing 
7/27/2018,22.8,Lansing 
7/27/2018,22.2,Lansing 
7/27/2018,21.1,Lansing 
7/27/2018,21.1,Lansing 
7/27/2018,19.4,Lansing 
7/27/2018,17.8,Lansing 
7/27/2018,16.1,Lansing 
7/27/2018,15,Lansing 
7/27/2018,15,Lansing 
7/27/2018,,Lansing 
7/28/2018,13.9,Lansing 
7/28/2018,13.9,Lansing 
7/28/2018,13.9,Lansing 
7/28/2018,13.9,Lansing 
7/28/2018,14.4,Lansing 
7/28/2018,13.3,Lansing 
7/28/2018,13.9,Lansing 
7/28/2018,15,Lansing 
7/28/2018,15,Lansing 
7/28/2018,17.2,Lansing 
7/28/2018,20,Lansing 
7/28/2018,21.1,Lansing 
7/28/2018,22.2,Lansing 
7/28/2018,23.9,Lansing 
7/28/2018,24.4,Lansing 
7/28/2018,24.4,Lansing 
7/28/2018,25.6,Lansing 
7/28/2018,26.1,Lansing 
7/28/2018,25.6,Lansing 
7/28/2018,26.1,Lansing 
7/28/2018,25,Lansing 
7/28/2018,23.9,Lansing 
7/28/2018,23.9,Lansing 
7/28/2018,22.2,Lansing 
7/28/2018,20.6,Lansing 
7/28/2018,19.4,Lansing 
7/28/2018,17.8,Lansing 
7/28/2018,16.7,Lansing 
7/28/2018,,Lansing 
7/29/2018,15.6,Lansing 
7/29/2018,15.6,Lansing 
7/29/2018,15,Lansing 
7/29/2018,13.9,Lansing 
7/29/2018,13.3,Lansing 
7/29/2018,13.3,Lansing 
7/29/2018,12.8,Lansing 
7/29/2018,15.6,Lansing 
7/29/2018,15.6,Lansing 
7/29/2018,18.9,Lansing 
7/29/2018,21.1,Lansing 
7/29/2018,22.8,Lansing 
7/29/2018,23.3,Lansing 
7/29/2018,25.6,Lansing 
7/29/2018,27.2,Lansing 
7/29/2018,27.8,Lansing 
7/29/2018,28.3,Lansing 
7/29/2018,27.2,Lansing 
7/29/2018,27.2,Lansing 
7/29/2018,26.7,Lansing 
7/29/2018,23.9,Lansing 
7/29/2018,23.9,Lansing 
7/29/2018,22.2,Lansing 
7/29/2018,20.6,Lansing 
7/29/2018,18.9,Lansing 
7/29/2018,18.3,Lansing 
7/29/2018,17.2,Lansing 
7/29/2018,,Lansing 
7/30/2018,16.7,Lansing 
7/30/2018,16.7,Lansing 
7/30/2018,16.1,Lansing 
7/30/2018,15,Lansing 
7/30/2018,14.4,Lansing 
7/30/2018,14.4,Lansing 
7/30/2018,13.9,Lansing 
7/30/2018,15,Lansing 
7/30/2018,18.3,Lansing 
7/30/2018,21.7,Lansing 
7/30/2018,23.3,Lansing 
7/30/2018,23.9,Lansing 
7/30/2018,26.1,Lansing 
7/30/2018,26.7,Lansing 
7/30/2018,26.7,Lansing 
7/30/2018,26.7,Lansing 
7/30/2018,27.8,Lansing 
7/30/2018,27.2,Lansing 
7/30/2018,27.2,Lansing 
7/30/2018,27.2,Lansing 
7/30/2018,25,Lansing 
7/30/2018,23.3,Lansing 
7/30/2018,22.2,Lansing 
7/30/2018,19.4,Lansing 
7/30/2018,18.9,Lansing 
7/30/2018,17.2,Lansing 
7/30/2018,,Lansing 
7/31/2018,16.7,Lansing 
7/31/2018,16.7,Lansing 
7/31/2018,16.1,Lansing 
7/31/2018,15.6,Lansing 
7/31/2018,15.6,Lansing 
7/31/2018,14.4,Lansing 
7/31/2018,15,Lansing 
7/31/2018,16.1,Lansing 
7/31/2018,16.1,Lansing 
7/31/2018,18.3,Lansing 
7/31/2018,21.1,Lansing 
7/31/2018,22.8,Lansing 
7/31/2018,23.9,Lansing 
7/31/2018,24.4,Lansing 
7/31/2018,25,Lansing 
7/31/2018,25.6,Lansing 
7/31/2018,25,Lansing 
7/31/2018,23.9,Lansing 
7/31/2018,21.7,Lansing 
7/31/2018,20.6,Lansing 
7/31/2018,20.6,Lansing 
7/31/2018,20.6,Lansing 
7/31/2018,20.6,Lansing 
7/31/2018,19.4,Lansing 
7/31/2018,18.9,Lansing 
7/31/2018,18.9,Lansing 
7/31/2018,18.3,Lansing 
7/31/2018,,Lansing 
8/1/2018,18.3,Lansing 
8/1/2018,17.8,Lansing 
8/1/2018,17.8,Lansing 
8/1/2018,17.8,Lansing 
8/1/2018,17.8,Lansing 
8/1/2018,17.8,Lansing 
8/1/2018,17.8,Lansing 
8/1/2018,17.8,Lansing 
8/1/2018,19.4,Lansing 
8/1/2018,21.7,Lansing 
8/1/2018,22.8,Lansing 
8/1/2018,25,Lansing 
8/1/2018,26.1,Lansing 
8/1/2018,27.2,Lansing 
8/1/2018,27.2,Lansing 
8/1/2018,26.1,Lansing 
8/1/2018,27.2,Lansing 
8/1/2018,25,Lansing 
8/1/2018,22.2,Lansing 
8/1/2018,22.2,Lansing 
8/1/2018,23.3,Lansing 
8/1/2018,23.9,Lansing 
8/1/2018,22.8,Lansing 
8/1/2018,22.8,Lansing 
8/1/2018,21.1,Lansing 
8/1/2018,19.4,Lansing 
8/1/2018,18.9,Lansing 
8/1/2018,18.9,Lansing 
8/1/2018,17.8,Lansing 
8/1/2018,,Lansing 
8/2/2018,17.8,Lansing 
8/2/2018,17.8,Lansing 
8/2/2018,17.8,Lansing 
8/2/2018,17.8,Lansing 
8/2/2018,17.8,Lansing 
8/2/2018,17.8,Lansing 
8/2/2018,18.3,Lansing 
8/2/2018,18.3,Lansing 
8/2/2018,21.1,Lansing 
8/2/2018,22.8,Lansing 
8/2/2018,23.3,Lansing 
8/2/2018,26.7,Lansing 
8/2/2018,27.8,Lansing 
8/2/2018,29.4,Lansing 
8/2/2018,28.9,Lansing 
8/2/2018,30,Lansing 
8/2/2018,29.4,Lansing 
8/2/2018,28.3,Lansing 
8/2/2018,27.8,Lansing 
8/2/2018,26.7,Lansing 
8/2/2018,26.1,Lansing 
8/2/2018,23.9,Lansing 
8/2/2018,21.1,Lansing 
8/2/2018,20.6,Lansing 
8/2/2018,20.6,Lansing 
8/2/2018,20.6,Lansing 
8/2/2018,20,Lansing 
8/2/2018,19,Lansing 
8/2/2018,19.4,Lansing 
8/2/2018,,Lansing 
8/3/2018,19.4,Lansing 
8/3/2018,19.4,Lansing 
8/3/2018,18.9,Lansing 
8/3/2018,18.9,Lansing 
8/3/2018,18.9,Lansing 
8/3/2018,18.3,Lansing 
8/3/2018,17.8,Lansing 
8/3/2018,18,Lansing 
8/3/2018,17.8,Lansing 
8/3/2018,17.2,Lansing 
8/3/2018,17.2,Lansing 
8/3/2018,17.2,Lansing 
8/3/2018,17.2,Lansing 
8/3/2018,17.2,Lansing 
8/3/2018,17.2,Lansing 
8/3/2018,17.8,Lansing 
8/3/2018,17.8,Lansing 
8/3/2018,18.3,Lansing 
8/3/2018,18.9,Lansing 
8/3/2018,18.9,Lansing 
8/3/2018,18.9,Lansing 
8/3/2018,18.9,Lansing 
8/3/2018,18.9,Lansing 
8/3/2018,18.9,Lansing 
8/3/2018,19.4,Lansing 
8/3/2018,19.4,Lansing 
8/3/2018,20,Lansing 
8/3/2018,21,Lansing 
8/3/2018,21.1,Lansing 
8/3/2018,22.2,Lansing 
8/3/2018,23.3,Lansing 
8/3/2018,25,Lansing 
8/3/2018,25.6,Lansing 
8/3/2018,25.6,Lansing 
8/3/2018,25.6,Lansing 
8/3/2018,28.3,Lansing 
8/3/2018,28.3,Lansing 
8/3/2018,28.9,Lansing 
8/3/2018,28.3,Lansing 
8/3/2018,27.8,Lansing 
8/3/2018,26.7,Lansing 
8/3/2018,26.7,Lansing 
8/3/2018,23.3,Lansing 
8/3/2018,21.1,Lansing 
8/3/2018,19.4,Lansing 
8/3/2018,17.8,Lansing 
8/3/2018,17.8,Lansing 
8/3/2018,,Lansing 
8/4/2018,16.7,Lansing 
8/4/2018,16.7,Lansing 
8/4/2018,17.2,Lansing 
8/4/2018,16.1,Lansing 
8/4/2018,15.6,Lansing 
8/4/2018,15.6,Lansing 
8/4/2018,15.6,Lansing 
8/4/2018,17.8,Lansing 
8/4/2018,17.8,Lansing 
8/4/2018,21.1,Lansing 
8/4/2018,24.4,Lansing 
8/4/2018,26.7,Lansing 
8/4/2018,28.9,Lansing 
8/4/2018,28.9,Lansing 
8/4/2018,31.1,Lansing 
8/4/2018,31.1,Lansing 
8/4/2018,31.7,Lansing 
8/4/2018,32.2,Lansing 
8/4/2018,31.7,Lansing 
8/4/2018,32.2,Lansing 
8/4/2018,31.1,Lansing 
8/4/2018,30,Lansing 
8/4/2018,30,Lansing 
8/4/2018,28.3,Lansing 
8/4/2018,27.2,Lansing 
8/4/2018,25.6,Lansing 
8/4/2018,25.6,Lansing 
8/4/2018,25,Lansing 
8/4/2018,,Lansing 
8/5/2018,24.4,Lansing 
8/5/2018,24.4,Lansing 
8/5/2018,24.4,Lansing 
8/5/2018,23.3,Lansing 
8/5/2018,22.8,Lansing 
8/5/2018,22.8,Lansing 
8/5/2018,22.2,Lansing 
8/5/2018,23.9,Lansing 
8/5/2018,23.9,Lansing 
8/5/2018,26.1,Lansing 
8/5/2018,28.3,Lansing 
8/5/2018,30,Lansing 
8/5/2018,31.1,Lansing 
8/5/2018,32.8,Lansing 
8/5/2018,33.3,Lansing 
8/5/2018,33.3,Lansing 
8/5/2018,33.9,Lansing 
8/5/2018,34.4,Lansing 
8/5/2018,34.4,Lansing 
8/5/2018,33.3,Lansing 
8/5/2018,31.1,Lansing 
8/5/2018,29.4,Lansing 
8/5/2018,29.4,Lansing 
8/5/2018,28.3,Lansing 
8/5/2018,27.8,Lansing 
8/5/2018,27.2,Lansing 
8/5/2018,26.1,Lansing 
8/5/2018,25.6,Lansing 
8/5/2018,,Lansing 
8/6/2018,25.6,Lansing 
8/6/2018,25.6,Lansing 
8/6/2018,25,Lansing 
8/6/2018,25,Lansing 
8/6/2018,24.4,Lansing 
8/6/2018,24.4,Lansing 
8/6/2018,23.9,Lansing 
8/6/2018,24.4,Lansing 
8/6/2018,24.4,Lansing 
8/6/2018,24.4,Lansing 
8/6/2018,23.3,Lansing 
8/6/2018,22,Lansing 
8/6/2018,22.2,Lansing 
8/6/2018,21.7,Lansing 
8/6/2018,22.2,Lansing 
8/6/2018,23.3,Lansing 
8/6/2018,23.9,Lansing 
8/6/2018,22.2,Lansing 
8/6/2018,22.2,Lansing 
8/6/2018,22.2,Lansing 
8/6/2018,21.7,Lansing 
8/6/2018,21.7,Lansing 
8/6/2018,22.8,Lansing 
8/6/2018,22.8,Lansing 
8/6/2018,23.3,Lansing 
8/6/2018,23.3,Lansing 
8/6/2018,23,Lansing 
8/6/2018,23.3,Lansing 
8/6/2018,23.9,Lansing 
8/6/2018,23.3,Lansing 
8/6/2018,23.3,Lansing 
8/6/2018,22.8,Lansing 
8/6/2018,23,Lansing 
8/6/2018,22.8,Lansing 
8/6/2018,22.2,Lansing 
8/6/2018,22.2,Lansing 
8/6/2018,21.1,Lansing 
8/6/2018,21.1,Lansing 
8/6/2018,20.6,Lansing 
8/6/2018,,Lansing 
8/7/2018,20,Lansing 
8/7/2018,20.6,Lansing 
8/7/2018,20.6,Lansing 
8/7/2018,20.6,Lansing 
8/7/2018,20.6,Lansing 
8/7/2018,21.1,Lansing 
8/7/2018,20.6,Lansing 
8/7/2018,20.6,Lansing 
8/7/2018,20.6,Lansing 
8/7/2018,20.6,Lansing 
8/7/2018,20.6,Lansing 
8/7/2018,20.6,Lansing 
8/7/2018,20.6,Lansing 
8/7/2018,20,Lansing 
8/7/2018,20,Lansing 
8/7/2018,20,Lansing 
8/7/2018,20,Lansing 
8/7/2018,20,Lansing 
8/7/2018,19.4,Lansing 
8/7/2018,20,Lansing 
8/7/2018,20,Lansing 
8/7/2018,20,Lansing 
8/7/2018,20,Lansing 
8/7/2018,20,Lansing 
8/7/2018,20.6,Lansing 
8/7/2018,23.3,Lansing 
8/7/2018,24,Lansing 
8/7/2018,24.4,Lansing 
8/7/2018,26.1,Lansing 
8/7/2018,26.1,Lansing 
8/7/2018,26.7,Lansing 
8/7/2018,27.8,Lansing 
8/7/2018,27.8,Lansing 
8/7/2018,28.3,Lansing 
8/7/2018,28.3,Lansing 
8/7/2018,30,Lansing 
8/7/2018,30,Lansing 
8/7/2018,28.3,Lansing 
8/7/2018,26.7,Lansing 
8/7/2018,26.7,Lansing 
8/7/2018,23.9,Lansing 
8/7/2018,23.3,Lansing 
8/7/2018,23.3,Lansing 
8/7/2018,22.8,Lansing 
8/7/2018,21.7,Lansing 
8/7/2018,,Lansing 
8/8/2018,21.7,Lansing 
8/8/2018,21.7,Lansing 
8/8/2018,21.1,Lansing 
8/8/2018,21,Lansing 
8/8/2018,21.1,Lansing 
8/8/2018,21.1,Lansing 
8/8/2018,20.6,Lansing 
8/8/2018,21,Lansing 
8/8/2018,20.6,Lansing 
8/8/2018,21.1,Lansing 
8/8/2018,21.1,Lansing 
8/8/2018,21.1,Lansing 
8/8/2018,21.1,Lansing 
8/8/2018,20.6,Lansing 
8/8/2018,20.6,Lansing 
8/8/2018,20.6,Lansing 
8/8/2018,20.6,Lansing 
8/8/2018,20.6,Lansing 
8/8/2018,20.6,Lansing 
8/8/2018,20.6,Lansing 
8/8/2018,20,Lansing 
8/8/2018,20,Lansing 
8/8/2018,19.4,Lansing 
8/8/2018,20.6,Lansing 
8/8/2018,20.6,Lansing 
8/8/2018,20.6,Lansing 
8/8/2018,21.1,Lansing 
8/8/2018,21.1,Lansing 
8/8/2018,22.2,Lansing 
8/8/2018,22.2,Lansing 
8/8/2018,22.8,Lansing 
8/8/2018,23,Lansing 
8/8/2018,23.3,Lansing 
8/8/2018,23.9,Lansing 
8/8/2018,24.4,Lansing 
8/8/2018,26.1,Lansing 
8/8/2018,26.7,Lansing 
8/8/2018,26.7,Lansing 
8/8/2018,27.8,Lansing 
8/8/2018,27.2,Lansing 
8/8/2018,27.8,Lansing 
8/8/2018,27.8,Lansing 
8/8/2018,27.2,Lansing 
8/8/2018,26.1,Lansing 
8/8/2018,26.1,Lansing 
8/8/2018,24.4,Lansing 
8/8/2018,22.2,Lansing 
8/8/2018,21.1,Lansing 
8/8/2018,20.6,Lansing 
8/8/2018,19.4,Lansing 
8/8/2018,,Lansing 
8/9/2018,18.9,Lansing 
8/9/2018,18.9,Lansing 
8/9/2018,17.8,Lansing 
8/9/2018,17.8,Lansing 
8/9/2018,17.8,Lansing 
8/9/2018,17.8,Lansing 
8/9/2018,18.3,Lansing 
8/9/2018,18.9,Lansing 
8/9/2018,18.9,Lansing 
8/9/2018,21.7,Lansing 
8/9/2018,23.3,Lansing 
8/9/2018,26.1,Lansing 
8/9/2018,26.1,Lansing 
8/9/2018,26.7,Lansing 
8/9/2018,27.2,Lansing 
8/9/2018,26.7,Lansing 
8/9/2018,26.1,Lansing 
8/9/2018,26.1,Lansing 
8/9/2018,26.1,Lansing 
8/9/2018,27.2,Lansing 
8/9/2018,28,Lansing 
8/9/2018,28.3,Lansing 
8/9/2018,27.8,Lansing 
8/9/2018,27.8,Lansing 
8/9/2018,28.3,Lansing 
8/9/2018,27.2,Lansing 
8/9/2018,26.1,Lansing 
8/9/2018,26.1,Lansing 
8/9/2018,25,Lansing 
8/9/2018,23.3,Lansing 
8/9/2018,22.8,Lansing 
8/9/2018,22.2,Lansing 
8/9/2018,21.7,Lansing 
8/9/2018,22.2,Lansing 
8/9/2018,22.2,Lansing 
8/9/2018,22.2,Lansing 
8/9/2018,21.7,Lansing 
8/9/2018,,Lansing 
8/10/2018,20.6,Lansing 
8/10/2018,20.6,Lansing 
8/10/2018,20,Lansing 
8/10/2018,20,Lansing 
8/10/2018,19.4,Lansing 
8/10/2018,18.9,Lansing 
8/10/2018,18.3,Lansing 
8/10/2018,19.4,Lansing 
8/10/2018,19.4,Lansing 
8/10/2018,21.1,Lansing 
8/10/2018,22.2,Lansing 
8/10/2018,25,Lansing 
8/10/2018,26.1,Lansing 
8/10/2018,26.7,Lansing 
8/10/2018,27.8,Lansing 
8/10/2018,27.8,Lansing 
8/10/2018,27.8,Lansing 
8/10/2018,27.8,Lansing 
8/10/2018,28.3,Lansing 
8/10/2018,27.8,Lansing 
8/10/2018,27.2,Lansing 
8/10/2018,25.6,Lansing 
8/10/2018,25.6,Lansing 
8/10/2018,23.3,Lansing 
8/10/2018,20.6,Lansing 
8/10/2018,20,Lansing 
8/10/2018,17.8,Lansing 
8/10/2018,17.2,Lansing 
8/10/2018,,Lansing 
8/11/2018,17.2,Lansing 
8/11/2018,17.2,Lansing 
8/11/2018,16.1,Lansing 
8/11/2018,16.7,Lansing 
8/11/2018,15.6,Lansing 
8/11/2018,15.6,Lansing 
8/11/2018,16.1,Lansing 
8/11/2018,17.2,Lansing 
8/11/2018,17.2,Lansing 
8/11/2018,21.1,Lansing 
8/11/2018,23.9,Lansing 
8/11/2018,25.6,Lansing 
8/11/2018,27.2,Lansing 
8/11/2018,28.3,Lansing 
8/11/2018,27.8,Lansing 
8/11/2018,27.8,Lansing 
8/11/2018,28.3,Lansing 
8/11/2018,29.4,Lansing 
8/11/2018,30,Lansing 
8/11/2018,29.4,Lansing 
8/11/2018,27.8,Lansing 
8/11/2018,26.1,Lansing 
8/11/2018,26.1,Lansing 
8/11/2018,25,Lansing 
8/11/2018,23.9,Lansing 
8/11/2018,22.8,Lansing 
8/11/2018,21.1,Lansing 
8/11/2018,20,Lansing 
8/11/2018,,Lansing 
8/12/2018,20.6,Lansing 
8/12/2018,20.6,Lansing 
8/12/2018,18.3,Lansing 
8/12/2018,17.8,Lansing 
8/12/2018,17.8,Lansing 
8/12/2018,17.2,Lansing 
8/12/2018,16.7,Lansing 
8/12/2018,16.7,Lansing 
8/12/2018,17.2,Lansing 
8/12/2018,17.2,Lansing 
8/12/2018,16.7,Lansing 
8/12/2018,18.9,Lansing 
8/12/2018,18.9,Lansing 
8/12/2018,20.6,Lansing 
8/12/2018,23.3,Lansing 
8/12/2018,25.6,Lansing 
8/12/2018,27.2,Lansing 
8/12/2018,27.8,Lansing 
8/12/2018,28.3,Lansing 
8/12/2018,28.3,Lansing 
8/12/2018,29.4,Lansing 
8/12/2018,29.4,Lansing 
8/12/2018,28.3,Lansing 
8/12/2018,28.3,Lansing 
8/12/2018,27.2,Lansing 
8/12/2018,26.1,Lansing 
8/12/2018,26.1,Lansing 
8/12/2018,23.9,Lansing 
8/12/2018,21.7,Lansing 
8/12/2018,21.1,Lansing 
8/12/2018,20,Lansing 
8/12/2018,18.9,Lansing 
8/12/2018,,Lansing 
8/13/2018,18.3,Lansing 
8/13/2018,18.3,Lansing 
8/13/2018,17.2,Lansing 
8/13/2018,17.2,Lansing 
8/13/2018,16.7,Lansing 
8/13/2018,16.7,Lansing 
8/13/2018,17.2,Lansing 
8/13/2018,18.3,Lansing 
8/13/2018,18.3,Lansing 
8/13/2018,21.7,Lansing 
8/13/2018,23.9,Lansing 
8/13/2018,26.1,Lansing 
8/13/2018,27.8,Lansing 
8/13/2018,26.7,Lansing 
8/13/2018,29.4,Lansing 
8/13/2018,29.4,Lansing 
8/13/2018,27.8,Lansing 
8/13/2018,29.4,Lansing 
8/13/2018,29.4,Lansing 
8/13/2018,29.4,Lansing 
8/13/2018,28.3,Lansing 
8/13/2018,27.2,Lansing 
8/13/2018,27.2,Lansing 
8/13/2018,24.4,Lansing 
8/13/2018,23.3,Lansing 
8/13/2018,21.1,Lansing 
8/13/2018,20,Lansing 
8/13/2018,19.4,Lansing 
8/13/2018,,Lansing 
8/14/2018,19.4,Lansing 
8/14/2018,19.4,Lansing 
8/14/2018,18.3,Lansing 
8/14/2018,18.3,Lansing 
8/14/2018,17.8,Lansing 
8/14/2018,17.2,Lansing 
8/14/2018,16.7,Lansing 
8/14/2018,17.8,Lansing 
8/14/2018,17.8,Lansing 
8/14/2018,20.6,Lansing 
8/14/2018,23.9,Lansing 
8/14/2018,26.7,Lansing 
8/14/2018,27.8,Lansing 
8/14/2018,28.9,Lansing 
8/14/2018,29.4,Lansing 
8/14/2018,29.4,Lansing 
8/14/2018,30.6,Lansing 
8/14/2018,31.1,Lansing 
8/14/2018,30.6,Lansing 
8/14/2018,30,Lansing 
8/14/2018,28.9,Lansing 
8/14/2018,27.2,Lansing 
8/14/2018,27.2,Lansing 
8/14/2018,25.6,Lansing 
8/14/2018,23.9,Lansing 
8/14/2018,22.8,Lansing 
8/14/2018,21.1,Lansing 
8/14/2018,20.6,Lansing 
8/14/2018,,Lansing 
8/15/2018,21.1,Lansing 
8/15/2018,21.1,Lansing 
8/15/2018,20.6,Lansing 
8/15/2018,20.6,Lansing 
8/15/2018,20.6,Lansing 
8/15/2018,20.6,Lansing 
8/15/2018,20.6,Lansing 
8/15/2018,21.1,Lansing 
8/15/2018,21.1,Lansing 
8/15/2018,23.3,Lansing 
8/15/2018,25,Lansing 
8/15/2018,27.2,Lansing 
8/15/2018,28.3,Lansing 
8/15/2018,28.9,Lansing 
8/15/2018,28.3,Lansing 
8/15/2018,28.3,Lansing 
8/15/2018,29.4,Lansing 
8/15/2018,29.4,Lansing 
8/15/2018,30,Lansing 
8/15/2018,30,Lansing 
8/15/2018,28.3,Lansing 
8/15/2018,27.8,Lansing 
8/15/2018,27.8,Lansing 
8/15/2018,26.1,Lansing 
8/15/2018,24.4,Lansing 
8/15/2018,21.7,Lansing 
8/15/2018,22.2,Lansing 
8/15/2018,21.1,Lansing 
8/15/2018,21.1,Lansing 
8/15/2018,22,Lansing 
8/15/2018,21.7,Lansing 
8/15/2018,21.7,Lansing 
8/15/2018,22.2,Lansing 
8/15/2018,22.2,Lansing 
8/15/2018,21.7,Lansing 
8/15/2018,21.1,Lansing 
8/15/2018,,Lansing 
8/16/2018,21.1,Lansing 
8/16/2018,21.1,Lansing 
8/16/2018,20,Lansing 
8/16/2018,20,Lansing 
8/16/2018,20,Lansing 
8/16/2018,20,Lansing 
8/16/2018,20.6,Lansing 
8/16/2018,20.6,Lansing 
8/16/2018,20.6,Lansing 
8/16/2018,20.6,Lansing 
8/16/2018,20.6,Lansing 
8/16/2018,21.1,Lansing 
8/16/2018,22,Lansing 
8/16/2018,21.7,Lansing 
8/16/2018,21.7,Lansing 
8/16/2018,23.3,Lansing 
8/16/2018,23.3,Lansing 
8/16/2018,23.9,Lansing 
8/16/2018,23.9,Lansing 
8/16/2018,23.9,Lansing 
8/16/2018,23.9,Lansing 
8/16/2018,25.6,Lansing 
8/16/2018,26,Lansing 
8/16/2018,25.6,Lansing 
8/16/2018,25.6,Lansing 
8/16/2018,25.6,Lansing 
8/16/2018,25.6,Lansing 
8/16/2018,25.6,Lansing 
8/16/2018,25,Lansing 
8/16/2018,23.9,Lansing 
8/16/2018,24,Lansing 
8/16/2018,23.9,Lansing 
8/16/2018,25,Lansing 
8/16/2018,24.4,Lansing 
8/16/2018,25,Lansing 
8/16/2018,25,Lansing 
8/16/2018,24.4,Lansing 
8/16/2018,24.4,Lansing 
8/16/2018,22.8,Lansing 
8/16/2018,22.8,Lansing 
8/16/2018,21.1,Lansing 
8/16/2018,21.1,Lansing 
8/16/2018,21.7,Lansing 
8/16/2018,,Lansing 
6/10/2005,23.9,Grand Rapids
6/10/2005,22.2,Grand Rapids
6/10/2005,22.2,Grand Rapids
6/10/2005,22.2,Grand Rapids
6/10/2005,22.2,Grand Rapids
6/10/2005,21.1,Grand Rapids
6/10/2005,20,Grand Rapids
6/10/2005,20,Grand Rapids
6/10/2005,20.6,Grand Rapids
6/10/2005,21.1,Grand Rapids
6/10/2005,22.8,Grand Rapids
6/10/2005,23.3,Grand Rapids
6/10/2005,25,Grand Rapids
6/10/2005,26.1,Grand Rapids
6/10/2005,27.8,Grand Rapids
6/10/2005,28.3,Grand Rapids
6/10/2005,28.9,Grand Rapids
6/10/2005,28.3,Grand Rapids
6/10/2005,27.8,Grand Rapids
6/10/2005,28.3,Grand Rapids
6/10/2005,29.4,Grand Rapids
6/10/2005,31.1,Grand Rapids
6/10/2005,30,Grand Rapids
6/10/2005,30,Grand Rapids
6/10/2005,29.4,Grand Rapids
6/10/2005,28.9,Grand Rapids
6/10/2005,29.4,Grand Rapids
6/10/2005,28.9,Grand Rapids
6/10/2005,28.9,Grand Rapids
6/10/2005,29.4,Grand Rapids
6/10/2005,25.6,Grand Rapids
6/10/2005,25,Grand Rapids
6/10/2005,23.9,Grand Rapids
6/10/2005,24.4,Grand Rapids
6/10/2005,24.4,Grand Rapids
6/11/2005,23.9,Grand Rapids
6/11/2005,22.8,Grand Rapids
6/11/2005,23.3,Grand Rapids
6/11/2005,22.8,Grand Rapids
6/11/2005,22.2,Grand Rapids
6/11/2005,22.2,Grand Rapids
6/11/2005,21.7,Grand Rapids
6/11/2005,22.2,Grand Rapids
6/11/2005,21.7,Grand Rapids
6/11/2005,22.8,Grand Rapids
6/11/2005,23.3,Grand Rapids
6/11/2005,25,Grand Rapids
6/11/2005,26.1,Grand Rapids
6/11/2005,27.2,Grand Rapids
6/11/2005,27.2,Grand Rapids
6/11/2005,28.3,Grand Rapids
6/11/2005,28.3,Grand Rapids
6/11/2005,28.9,Grand Rapids
6/11/2005,29.4,Grand Rapids
6/11/2005,30,Grand Rapids
6/11/2005,26.1,Grand Rapids
6/11/2005,26.1,Grand Rapids
6/11/2005,26.1,Grand Rapids
6/11/2005,26.1,Grand Rapids
6/11/2005,27.8,Grand Rapids
6/11/2005,26.1,Grand Rapids
6/11/2005,22.2,Grand Rapids
6/11/2005,22.2,Grand Rapids
6/11/2005,22.8,Grand Rapids
6/11/2005,22.8,Grand Rapids
6/11/2005,22.8,Grand Rapids
6/11/2005,22.2,Grand Rapids
6/11/2005,22.8,Grand Rapids
6/11/2005,22.2,Grand Rapids
6/11/2005,22.2,Grand Rapids
6/11/2005,22.2,Grand Rapids
6/11/2005,22.2,Grand Rapids
6/11/2005,21.7,Grand Rapids
6/11/2005,22.2,Grand Rapids
6/11/2005,22.2,Grand Rapids
6/11/2005,21.7,Grand Rapids
6/11/2005,22.2,Grand Rapids
6/11/2005,22.2,Grand Rapids
6/11/2005,21.7,Grand Rapids
6/11/2005,21.7,Grand Rapids
6/12/2005,21.7,Grand Rapids
6/12/2005,22.2,Grand Rapids
6/12/2005,21.7,Grand Rapids
6/12/2005,21.7,Grand Rapids
6/12/2005,21.1,Grand Rapids
6/12/2005,21.1,Grand Rapids
6/12/2005,21.1,Grand Rapids
6/12/2005,21.1,Grand Rapids
6/12/2005,21.1,Grand Rapids
6/12/2005,22.2,Grand Rapids
6/12/2005,23.3,Grand Rapids
6/12/2005,25,Grand Rapids
6/12/2005,25,Grand Rapids
6/12/2005,25,Grand Rapids
6/12/2005,25,Grand Rapids
6/12/2005,25,Grand Rapids
6/12/2005,25.6,Grand Rapids
6/12/2005,25.6,Grand Rapids
6/12/2005,27.2,Grand Rapids
6/12/2005,26.7,Grand Rapids
6/12/2005,27.8,Grand Rapids
6/12/2005,27.2,Grand Rapids
6/12/2005,27.2,Grand Rapids
6/12/2005,27.2,Grand Rapids
6/12/2005,25,Grand Rapids
6/12/2005,24.4,Grand Rapids
6/12/2005,23.9,Grand Rapids
6/12/2005,24.4,Grand Rapids
6/12/2005,23.9,Grand Rapids
6/12/2005,22.8,Grand Rapids
6/12/2005,22.8,Grand Rapids
6/12/2005,22.8,Grand Rapids
6/12/2005,22.2,Grand Rapids
6/12/2005,22.2,Grand Rapids
6/12/2005,21.7,Grand Rapids
6/13/2005,21.7,Grand Rapids
6/13/2005,22.2,Grand Rapids
6/13/2005,21.7,Grand Rapids
6/13/2005,21.7,Grand Rapids
6/13/2005,21.1,Grand Rapids
6/13/2005,21.1,Grand Rapids
6/13/2005,21.1,Grand Rapids
6/13/2005,21.1,Grand Rapids
6/13/2005,21.1,Grand Rapids
6/13/2005,21.1,Grand Rapids
6/13/2005,21.1,Grand Rapids
6/13/2005,21.1,Grand Rapids
6/13/2005,21.1,Grand Rapids
6/13/2005,21.1,Grand Rapids
6/13/2005,21.1,Grand Rapids
6/13/2005,20.6,Grand Rapids
6/13/2005,21.1,Grand Rapids
6/13/2005,20,Grand Rapids
6/13/2005,20.6,Grand Rapids
6/13/2005,21.1,Grand Rapids
6/13/2005,21.1,Grand Rapids
6/13/2005,20.6,Grand Rapids
6/13/2005,21.1,Grand Rapids
6/13/2005,21.1,Grand Rapids
6/13/2005,20.6,Grand Rapids
6/13/2005,21.1,Grand Rapids
6/13/2005,20.6,Grand Rapids
6/13/2005,21.1,Grand Rapids
6/13/2005,22.2,Grand Rapids
6/13/2005,21.7,Grand Rapids
6/13/2005,22.2,Grand Rapids
6/13/2005,23.9,Grand Rapids
6/13/2005,23.9,Grand Rapids
6/13/2005,23.9,Grand Rapids
6/13/2005,24.4,Grand Rapids
6/13/2005,26.1,Grand Rapids
6/13/2005,27.2,Grand Rapids
6/13/2005,27.2,Grand Rapids
6/13/2005,27.8,Grand Rapids
6/13/2005,27.8,Grand Rapids
6/13/2005,27.2,Grand Rapids
6/13/2005,26.7,Grand Rapids
6/13/2005,26.1,Grand Rapids
6/13/2005,26.1,Grand Rapids
6/13/2005,25.6,Grand Rapids
6/13/2005,23.3,Grand Rapids
6/13/2005,22.8,Grand Rapids
6/13/2005,22.8,Grand Rapids
6/13/2005,22.2,Grand Rapids
6/14/2005,21.7,Grand Rapids
6/14/2005,22.2,Grand Rapids
6/14/2005,22.2,Grand Rapids
6/14/2005,21.7,Grand Rapids
6/14/2005,22.2,Grand Rapids
6/14/2005,22.2,Grand Rapids
6/14/2005,21.7,Grand Rapids
6/14/2005,21.7,Grand Rapids
6/14/2005,21.7,Grand Rapids
6/14/2005,22.2,Grand Rapids
6/14/2005,21.7,Grand Rapids
6/14/2005,22.8,Grand Rapids
6/14/2005,23.9,Grand Rapids
6/14/2005,25,Grand Rapids
6/14/2005,25,Grand Rapids
6/14/2005,26.1,Grand Rapids
6/14/2005,27.2,Grand Rapids
6/14/2005,27.8,Grand Rapids
6/14/2005,27.8,Grand Rapids
6/14/2005,22.2,Grand Rapids
6/14/2005,18.9,Grand Rapids
6/14/2005,18.9,Grand Rapids
6/14/2005,21.1,Grand Rapids
6/14/2005,22.8,Grand Rapids
6/14/2005,23.9,Grand Rapids
6/14/2005,25,Grand Rapids
6/14/2005,25,Grand Rapids
6/14/2005,25,Grand Rapids
6/14/2005,23.3,Grand Rapids
6/14/2005,23.3,Grand Rapids
6/14/2005,22.2,Grand Rapids
6/14/2005,21.7,Grand Rapids
6/14/2005,21.1,Grand Rapids
6/14/2005,20.6,Grand Rapids
6/14/2005,20,Grand Rapids
6/14/2005,20,Grand Rapids
6/14/2005,19.4,Grand Rapids
6/15/2005,19.4,Grand Rapids
6/15/2005,18.9,Grand Rapids
6/15/2005,19.4,Grand Rapids
6/15/2005,18.9,Grand Rapids
6/15/2005,18.3,Grand Rapids
6/15/2005,17.8,Grand Rapids
6/15/2005,17.8,Grand Rapids
6/15/2005,17.8,Grand Rapids
6/15/2005,18.3,Grand Rapids
6/15/2005,18.3,Grand Rapids
6/15/2005,17.8,Grand Rapids
6/15/2005,18.3,Grand Rapids
6/15/2005,18.9,Grand Rapids
6/15/2005,19.4,Grand Rapids
6/15/2005,18.9,Grand Rapids
6/15/2005,19.4,Grand Rapids
6/15/2005,20,Grand Rapids
6/15/2005,18.3,Grand Rapids
6/15/2005,17.8,Grand Rapids
6/15/2005,17.2,Grand Rapids
6/15/2005,17.2,Grand Rapids
6/15/2005,16.7,Grand Rapids
6/15/2005,17.2,Grand Rapids
6/15/2005,17.8,Grand Rapids
6/15/2005,17.2,Grand Rapids
6/15/2005,17.2,Grand Rapids
6/15/2005,16.7,Grand Rapids
6/15/2005,17.2,Grand Rapids
6/15/2005,16.7,Grand Rapids
6/15/2005,15.6,Grand Rapids
6/15/2005,15,Grand Rapids
6/15/2005,13.9,Grand Rapids
6/15/2005,13.9,Grand Rapids
6/15/2005,14.4,Grand Rapids
6/15/2005,13.9,Grand Rapids
6/15/2005,13.9,Grand Rapids
6/15/2005,14.4,Grand Rapids
6/15/2005,13.9,Grand Rapids
6/15/2005,13.9,Grand Rapids
6/15/2005,13.9,Grand Rapids
6/15/2005,12.8,Grand Rapids
6/15/2005,13.3,Grand Rapids
6/15/2005,13.3,Grand Rapids
6/16/2005,13.3,Grand Rapids
6/16/2005,12.8,Grand Rapids
6/16/2005,13.3,Grand Rapids
6/16/2005,13.3,Grand Rapids
6/16/2005,12.2,Grand Rapids
6/16/2005,12.2,Grand Rapids
6/16/2005,11.7,Grand Rapids
6/16/2005,11.7,Grand Rapids
6/16/2005,12.2,Grand Rapids
6/16/2005,12.8,Grand Rapids
6/16/2005,13.3,Grand Rapids
6/16/2005,15,Grand Rapids
6/16/2005,17.2,Grand Rapids
6/16/2005,17.8,Grand Rapids
6/16/2005,18.3,Grand Rapids
6/16/2005,19.4,Grand Rapids
6/16/2005,20,Grand Rapids
6/16/2005,20,Grand Rapids
6/16/2005,20.6,Grand Rapids
6/16/2005,20,Grand Rapids
6/16/2005,21.1,Grand Rapids
6/16/2005,20.6,Grand Rapids
6/16/2005,19.4,Grand Rapids
6/16/2005,20.6,Grand Rapids
6/16/2005,18.9,Grand Rapids
6/16/2005,18.9,Grand Rapids
6/16/2005,17.8,Grand Rapids
6/16/2005,16.1,Grand Rapids
6/16/2005,16.1,Grand Rapids
6/16/2005,15.6,Grand Rapids
6/17/2005,13.9,Grand Rapids
6/17/2005,13.3,Grand Rapids
6/17/2005,12.8,Grand Rapids
6/17/2005,12.8,Grand Rapids
6/17/2005,11.7,Grand Rapids
6/17/2005,11.1,Grand Rapids
6/17/2005,11.1,Grand Rapids
6/17/2005,11.1,Grand Rapids
6/17/2005,10.6,Grand Rapids
6/17/2005,11.1,Grand Rapids
6/17/2005,12.2,Grand Rapids
6/17/2005,12.2,Grand Rapids
6/17/2005,13.9,Grand Rapids
6/17/2005,16.1,Grand Rapids
6/17/2005,17.2,Grand Rapids
6/17/2005,16.7,Grand Rapids
6/17/2005,16.1,Grand Rapids
6/17/2005,15.6,Grand Rapids
6/17/2005,17.2,Grand Rapids
6/17/2005,17.8,Grand Rapids
6/17/2005,17.8,Grand Rapids
6/17/2005,17.2,Grand Rapids
6/17/2005,17.2,Grand Rapids
6/17/2005,17.8,Grand Rapids
6/17/2005,17.8,Grand Rapids
6/17/2005,17.2,Grand Rapids
6/17/2005,16.7,Grand Rapids
6/17/2005,17.2,Grand Rapids
6/17/2005,17.2,Grand Rapids
6/17/2005,16.1,Grand Rapids
6/17/2005,16.1,Grand Rapids
6/17/2005,16.1,Grand Rapids
6/17/2005,15.6,Grand Rapids
6/18/2005,15.6,Grand Rapids
6/18/2005,15,Grand Rapids
6/18/2005,15,Grand Rapids
6/18/2005,15,Grand Rapids
6/18/2005,14.4,Grand Rapids
6/18/2005,14.4,Grand Rapids
6/18/2005,13.9,Grand Rapids
6/18/2005,14.4,Grand Rapids
6/18/2005,14.4,Grand Rapids
6/18/2005,14.4,Grand Rapids
6/18/2005,15,Grand Rapids
6/18/2005,15,Grand Rapids
6/18/2005,16.1,Grand Rapids
6/18/2005,16.7,Grand Rapids
6/18/2005,17.8,Grand Rapids
6/18/2005,18.3,Grand Rapids
6/18/2005,18.9,Grand Rapids
6/18/2005,19.4,Grand Rapids
6/18/2005,20,Grand Rapids
6/18/2005,20,Grand Rapids
6/18/2005,19.4,Grand Rapids
6/18/2005,19.4,Grand Rapids
6/18/2005,20,Grand Rapids
6/18/2005,20,Grand Rapids
6/18/2005,20,Grand Rapids
6/18/2005,20,Grand Rapids
6/18/2005,18.9,Grand Rapids
6/18/2005,19.4,Grand Rapids
6/18/2005,18.3,Grand Rapids
6/18/2005,17.2,Grand Rapids
6/18/2005,16.1,Grand Rapids
6/18/2005,16.1,Grand Rapids
6/19/2005,15.6,Grand Rapids
6/19/2005,13.9,Grand Rapids
6/19/2005,13.9,Grand Rapids
6/19/2005,13.9,Grand Rapids
6/19/2005,14.4,Grand Rapids
6/19/2005,15,Grand Rapids
6/19/2005,15,Grand Rapids
6/19/2005,15,Grand Rapids
6/19/2005,15,Grand Rapids
6/19/2005,15,Grand Rapids
6/19/2005,15.6,Grand Rapids
6/19/2005,16.7,Grand Rapids
6/19/2005,18.3,Grand Rapids
6/19/2005,18.9,Grand Rapids
6/19/2005,19.4,Grand Rapids
6/19/2005,20.6,Grand Rapids
6/19/2005,21.7,Grand Rapids
6/19/2005,21.1,Grand Rapids
6/19/2005,21.1,Grand Rapids
6/19/2005,22.8,Grand Rapids
6/19/2005,23.3,Grand Rapids
6/19/2005,23.9,Grand Rapids
6/19/2005,23.9,Grand Rapids
6/19/2005,23.3,Grand Rapids
6/19/2005,23.3,Grand Rapids
6/19/2005,22.2,Grand Rapids
6/19/2005,22.2,Grand Rapids
6/19/2005,21.1,Grand Rapids
6/19/2005,18.3,Grand Rapids
6/19/2005,18.9,Grand Rapids
6/19/2005,18.9,Grand Rapids
6/20/2005,16.7,Grand Rapids
6/20/2005,16.1,Grand Rapids
6/20/2005,13.9,Grand Rapids
6/20/2005,14.4,Grand Rapids
6/20/2005,14.4,Grand Rapids
6/20/2005,12.8,Grand Rapids
6/20/2005,12.2,Grand Rapids
6/20/2005,11.7,Grand Rapids
6/20/2005,12.2,Grand Rapids
6/20/2005,12.2,Grand Rapids
6/20/2005,15,Grand Rapids
6/20/2005,15,Grand Rapids
6/20/2005,17.8,Grand Rapids
6/20/2005,20,Grand Rapids
6/20/2005,22.2,Grand Rapids
6/20/2005,21.7,Grand Rapids
6/20/2005,22.8,Grand Rapids
6/20/2005,23.9,Grand Rapids
6/20/2005,25,Grand Rapids
6/20/2005,25,Grand Rapids
6/20/2005,25,Grand Rapids
6/20/2005,25.6,Grand Rapids
6/20/2005,26.1,Grand Rapids
6/20/2005,26.1,Grand Rapids
6/20/2005,26.1,Grand Rapids
6/20/2005,26.1,Grand Rapids
6/20/2005,25,Grand Rapids
6/20/2005,25,Grand Rapids
6/20/2005,22.8,Grand Rapids
6/20/2005,20.6,Grand Rapids
6/20/2005,17.8,Grand Rapids
6/20/2005,17.8,Grand Rapids
6/21/2005,16.7,Grand Rapids
6/21/2005,16.1,Grand Rapids
6/21/2005,16.1,Grand Rapids
6/21/2005,15.6,Grand Rapids
6/21/2005,16.7,Grand Rapids
6/21/2005,16.7,Grand Rapids
6/21/2005,13.9,Grand Rapids
6/21/2005,14.4,Grand Rapids
6/21/2005,15,Grand Rapids
6/21/2005,17.8,Grand Rapids
6/21/2005,18.9,Grand Rapids
6/21/2005,19.4,Grand Rapids
6/21/2005,21.1,Grand Rapids
6/21/2005,21.7,Grand Rapids
6/21/2005,23.9,Grand Rapids
6/21/2005,24.4,Grand Rapids
6/21/2005,26.7,Grand Rapids
6/21/2005,28.3,Grand Rapids
6/21/2005,28.9,Grand Rapids
6/21/2005,28.9,Grand Rapids
6/21/2005,28.9,Grand Rapids
6/21/2005,28.3,Grand Rapids
6/21/2005,28.9,Grand Rapids
6/21/2005,28.9,Grand Rapids
6/21/2005,29.4,Grand Rapids
6/21/2005,28.9,Grand Rapids
6/21/2005,27.2,Grand Rapids
6/21/2005,27.2,Grand Rapids
6/21/2005,25.6,Grand Rapids
6/21/2005,24.4,Grand Rapids
6/21/2005,22.2,Grand Rapids
6/21/2005,21.7,Grand Rapids
6/22/2005,20,Grand Rapids
6/22/2005,19.4,Grand Rapids
6/22/2005,17.8,Grand Rapids
6/22/2005,17.8,Grand Rapids
6/22/2005,17.2,Grand Rapids
6/22/2005,16.1,Grand Rapids
6/22/2005,16.1,Grand Rapids
6/22/2005,15.6,Grand Rapids
6/22/2005,15.6,Grand Rapids
6/22/2005,15.6,Grand Rapids
6/22/2005,17.2,Grand Rapids
6/22/2005,16.7,Grand Rapids
6/22/2005,17.8,Grand Rapids
6/22/2005,20,Grand Rapids
6/22/2005,22.2,Grand Rapids
6/22/2005,21.7,Grand Rapids
6/22/2005,23.3,Grand Rapids
6/22/2005,24.4,Grand Rapids
6/22/2005,26.1,Grand Rapids
6/22/2005,25.6,Grand Rapids
6/22/2005,25.6,Grand Rapids
6/22/2005,26.1,Grand Rapids
6/22/2005,26.1,Grand Rapids
6/22/2005,25.6,Grand Rapids
6/22/2005,25.6,Grand Rapids
6/22/2005,25.6,Grand Rapids
6/22/2005,23.9,Grand Rapids
6/22/2005,24.4,Grand Rapids
6/22/2005,22.8,Grand Rapids
6/22/2005,20.6,Grand Rapids
6/22/2005,17.8,Grand Rapids
6/22/2005,18.3,Grand Rapids
6/23/2005,18.3,Grand Rapids
6/23/2005,17.2,Grand Rapids
6/23/2005,13.9,Grand Rapids
6/23/2005,14.4,Grand Rapids
6/23/2005,15,Grand Rapids
6/23/2005,14.4,Grand Rapids
6/23/2005,12.8,Grand Rapids
6/23/2005,13.3,Grand Rapids
6/23/2005,13.3,Grand Rapids
6/23/2005,13.9,Grand Rapids
6/23/2005,17.2,Grand Rapids
6/23/2005,17.2,Grand Rapids
6/23/2005,20,Grand Rapids
6/23/2005,22.2,Grand Rapids
6/23/2005,23.9,Grand Rapids
6/23/2005,23.9,Grand Rapids
6/23/2005,25.6,Grand Rapids
6/23/2005,26.7,Grand Rapids
6/23/2005,27.8,Grand Rapids
6/23/2005,28.3,Grand Rapids
6/23/2005,28.9,Grand Rapids
6/23/2005,29.4,Grand Rapids
6/23/2005,31.1,Grand Rapids
6/23/2005,30.6,Grand Rapids
6/23/2005,30,Grand Rapids
6/23/2005,29.4,Grand Rapids
6/23/2005,28.9,Grand Rapids
6/23/2005,28.9,Grand Rapids
6/23/2005,27.2,Grand Rapids
6/23/2005,26.1,Grand Rapids
6/23/2005,25,Grand Rapids
6/23/2005,25,Grand Rapids
6/24/2005,25,Grand Rapids
6/24/2005,25,Grand Rapids
6/24/2005,25,Grand Rapids
6/24/2005,25,Grand Rapids
6/24/2005,25.6,Grand Rapids
6/24/2005,24.4,Grand Rapids
6/24/2005,23.9,Grand Rapids
6/24/2005,23.9,Grand Rapids
6/24/2005,22.8,Grand Rapids
6/24/2005,23.3,Grand Rapids
6/24/2005,23.9,Grand Rapids
6/24/2005,24.4,Grand Rapids
6/24/2005,26.1,Grand Rapids
6/24/2005,27.2,Grand Rapids
6/24/2005,28.9,Grand Rapids
6/24/2005,29.4,Grand Rapids
6/24/2005,30.6,Grand Rapids
6/24/2005,31.7,Grand Rapids
6/24/2005,32.2,Grand Rapids
6/24/2005,32.2,Grand Rapids
6/24/2005,32.8,Grand Rapids
6/24/2005,33.3,Grand Rapids
6/24/2005,32.8,Grand Rapids
6/24/2005,32.8,Grand Rapids
6/24/2005,32.8,Grand Rapids
6/24/2005,32.2,Grand Rapids
6/24/2005,31.1,Grand Rapids
6/24/2005,31.1,Grand Rapids
6/24/2005,29.4,Grand Rapids
6/24/2005,26.7,Grand Rapids
6/24/2005,27.2,Grand Rapids
6/24/2005,26.7,Grand Rapids
6/24/2005,26.7,Grand Rapids
6/25/2005,25,Grand Rapids
6/25/2005,23.9,Grand Rapids
6/25/2005,24.4,Grand Rapids
6/25/2005,23.3,Grand Rapids
6/25/2005,22.2,Grand Rapids
6/25/2005,22.2,Grand Rapids
6/25/2005,21.7,Grand Rapids
6/25/2005,21.7,Grand Rapids
6/25/2005,21.7,Grand Rapids
6/25/2005,22.8,Grand Rapids
6/25/2005,23.3,Grand Rapids
6/25/2005,24.4,Grand Rapids
6/25/2005,26.1,Grand Rapids
6/25/2005,27.2,Grand Rapids
6/25/2005,27.2,Grand Rapids
6/25/2005,28.9,Grand Rapids
6/25/2005,30.6,Grand Rapids
6/25/2005,31.1,Grand Rapids
6/25/2005,30.6,Grand Rapids
6/25/2005,31.7,Grand Rapids
6/25/2005,31.7,Grand Rapids
6/25/2005,32.2,Grand Rapids
6/25/2005,32.2,Grand Rapids
6/25/2005,30.6,Grand Rapids
6/25/2005,30.6,Grand Rapids
6/25/2005,30,Grand Rapids
6/25/2005,30,Grand Rapids
6/25/2005,29.4,Grand Rapids
6/25/2005,25,Grand Rapids
6/25/2005,23.9,Grand Rapids
6/25/2005,23.9,Grand Rapids
6/25/2005,22.8,Grand Rapids
6/26/2005,21.7,Grand Rapids
6/26/2005,22.2,Grand Rapids
6/26/2005,21.7,Grand Rapids
6/26/2005,21.1,Grand Rapids
6/26/2005,20.6,Grand Rapids
6/26/2005,22.2,Grand Rapids
6/26/2005,21.7,Grand Rapids
6/26/2005,21.1,Grand Rapids
6/26/2005,20.6,Grand Rapids
6/26/2005,21.1,Grand Rapids
6/26/2005,21.1,Grand Rapids
6/26/2005,21.7,Grand Rapids
6/26/2005,22.8,Grand Rapids
6/26/2005,23.9,Grand Rapids
6/26/2005,23.9,Grand Rapids
6/26/2005,26.1,Grand Rapids
6/26/2005,27.8,Grand Rapids
6/26/2005,28.9,Grand Rapids
6/26/2005,29.4,Grand Rapids
6/26/2005,30,Grand Rapids
6/26/2005,30,Grand Rapids
6/26/2005,27.8,Grand Rapids
6/26/2005,28.3,Grand Rapids
6/26/2005,28.3,Grand Rapids
6/26/2005,27.2,Grand Rapids
6/26/2005,27.2,Grand Rapids
6/26/2005,27.2,Grand Rapids
6/26/2005,27.2,Grand Rapids
6/26/2005,25,Grand Rapids
6/26/2005,23.9,Grand Rapids
6/26/2005,23.9,Grand Rapids
6/27/2005,22.8,Grand Rapids
6/27/2005,21.7,Grand Rapids
6/27/2005,22.2,Grand Rapids
6/27/2005,21.7,Grand Rapids
6/27/2005,21.1,Grand Rapids
6/27/2005,20.6,Grand Rapids
6/27/2005,21.1,Grand Rapids
6/27/2005,20.6,Grand Rapids
6/27/2005,20,Grand Rapids
6/27/2005,20.6,Grand Rapids
6/27/2005,22.2,Grand Rapids
6/27/2005,22.2,Grand Rapids
6/27/2005,24.4,Grand Rapids
6/27/2005,27.8,Grand Rapids
6/27/2005,30,Grand Rapids
6/27/2005,30,Grand Rapids
6/27/2005,31.7,Grand Rapids
6/27/2005,32.8,Grand Rapids
6/27/2005,32.8,Grand Rapids
6/27/2005,33.3,Grand Rapids
6/27/2005,32.8,Grand Rapids
6/27/2005,32.8,Grand Rapids
6/27/2005,32.8,Grand Rapids
6/27/2005,33.3,Grand Rapids
6/27/2005,32.8,Grand Rapids
6/27/2005,31.7,Grand Rapids
6/27/2005,30,Grand Rapids
6/27/2005,30,Grand Rapids
6/27/2005,28.3,Grand Rapids
6/27/2005,27.2,Grand Rapids
6/27/2005,26.1,Grand Rapids
6/27/2005,26.1,Grand Rapids
6/27/2005,24.4,Grand Rapids
6/28/2005,25,Grand Rapids
6/28/2005,23.9,Grand Rapids
6/28/2005,24.4,Grand Rapids
6/28/2005,25.6,Grand Rapids
6/28/2005,25,Grand Rapids
6/28/2005,22.8,Grand Rapids
6/28/2005,22.8,Grand Rapids
6/28/2005,21.7,Grand Rapids
6/28/2005,22.8,Grand Rapids
6/28/2005,22.8,Grand Rapids
6/28/2005,23.3,Grand Rapids
6/28/2005,24.4,Grand Rapids
6/28/2005,26.7,Grand Rapids
6/28/2005,26.1,Grand Rapids
6/28/2005,25.6,Grand Rapids
6/28/2005,27.2,Grand Rapids
6/28/2005,28.9,Grand Rapids
6/28/2005,29.4,Grand Rapids
6/28/2005,30,Grand Rapids
6/28/2005,31.1,Grand Rapids
6/28/2005,31.1,Grand Rapids
6/28/2005,30.6,Grand Rapids
6/28/2005,30,Grand Rapids
6/28/2005,28.9,Grand Rapids
6/28/2005,28.9,Grand Rapids
6/28/2005,27.8,Grand Rapids
6/28/2005,26.1,Grand Rapids
6/28/2005,26.1,Grand Rapids
6/28/2005,25.6,Grand Rapids
6/28/2005,23.9,Grand Rapids
6/29/2005,22.8,Grand Rapids
6/29/2005,22.8,Grand Rapids
6/29/2005,22.8,Grand Rapids
6/29/2005,22.2,Grand Rapids
6/29/2005,21.7,Grand Rapids
6/29/2005,22.2,Grand Rapids
6/29/2005,22.2,Grand Rapids
6/29/2005,21.7,Grand Rapids
6/29/2005,22.2,Grand Rapids
6/29/2005,21.7,Grand Rapids
6/29/2005,22.8,Grand Rapids
6/29/2005,22.8,Grand Rapids
6/29/2005,22.8,Grand Rapids
6/29/2005,23.9,Grand Rapids
6/29/2005,23.9,Grand Rapids
6/29/2005,25,Grand Rapids
6/29/2005,26.1,Grand Rapids
6/29/2005,25.6,Grand Rapids
6/29/2005,27.8,Grand Rapids
6/29/2005,28.9,Grand Rapids
6/29/2005,30,Grand Rapids
6/29/2005,30,Grand Rapids
6/29/2005,30.6,Grand Rapids
6/29/2005,30.6,Grand Rapids
6/29/2005,31.1,Grand Rapids
6/29/2005,31.1,Grand Rapids
6/29/2005,31.7,Grand Rapids
6/29/2005,30,Grand Rapids
6/29/2005,28.9,Grand Rapids
6/29/2005,29.4,Grand Rapids
6/29/2005,28.3,Grand Rapids
6/29/2005,27.2,Grand Rapids
6/29/2005,27.2,Grand Rapids
6/29/2005,26.7,Grand Rapids
6/29/2005,25,Grand Rapids
6/30/2005,23.3,Grand Rapids
6/30/2005,22.8,Grand Rapids
6/30/2005,22.2,Grand Rapids
6/30/2005,21.7,Grand Rapids
6/30/2005,22.2,Grand Rapids
6/30/2005,22.2,Grand Rapids
6/30/2005,22.2,Grand Rapids
6/30/2005,22.2,Grand Rapids
6/30/2005,22.8,Grand Rapids
6/30/2005,22.8,Grand Rapids
6/30/2005,22.8,Grand Rapids
6/30/2005,22.8,Grand Rapids
6/30/2005,22.8,Grand Rapids
6/30/2005,22.8,Grand Rapids
6/30/2005,22.8,Grand Rapids
6/30/2005,22.2,Grand Rapids
6/30/2005,21.1,Grand Rapids
6/30/2005,21.1,Grand Rapids
6/30/2005,20.6,Grand Rapids
6/30/2005,21.1,Grand Rapids
6/30/2005,21.1,Grand Rapids
6/30/2005,21.1,Grand Rapids
6/30/2005,20.6,Grand Rapids
6/30/2005,21.1,Grand Rapids
6/30/2005,20.6,Grand Rapids
6/30/2005,22.2,Grand Rapids
6/30/2005,22.2,Grand Rapids
6/30/2005,24.4,Grand Rapids
6/30/2005,27.2,Grand Rapids
6/30/2005,26.7,Grand Rapids
6/30/2005,27.8,Grand Rapids
6/30/2005,29.4,Grand Rapids
6/30/2005,28.9,Grand Rapids
6/30/2005,29.4,Grand Rapids
6/30/2005,28.9,Grand Rapids
6/30/2005,28.9,Grand Rapids
6/30/2005,28.3,Grand Rapids
6/30/2005,26.7,Grand Rapids
6/30/2005,25.6,Grand Rapids
6/30/2005,23.9,Grand Rapids
6/30/2005,23.9,Grand Rapids
6/30/2005,22.8,Grand Rapids
7/1/2005,22.8,Grand Rapids
7/1/2005,22.2,Grand Rapids
7/1/2005,22.2,Grand Rapids
7/1/2005,21.7,Grand Rapids
7/1/2005,22.8,Grand Rapids
7/1/2005,22.2,Grand Rapids
7/1/2005,21.7,Grand Rapids
7/1/2005,20,Grand Rapids
7/1/2005,19.4,Grand Rapids
7/1/2005,20,Grand Rapids
7/1/2005,20,Grand Rapids
7/1/2005,20.6,Grand Rapids
7/1/2005,21.1,Grand Rapids
7/1/2005,21.1,Grand Rapids
7/1/2005,20.6,Grand Rapids
7/1/2005,20,Grand Rapids
7/1/2005,21.1,Grand Rapids
7/1/2005,18.9,Grand Rapids
7/1/2005,18.9,Grand Rapids
7/1/2005,19.4,Grand Rapids
7/1/2005,19.4,Grand Rapids
7/1/2005,17.8,Grand Rapids
7/1/2005,18.3,Grand Rapids
7/1/2005,17.8,Grand Rapids
7/1/2005,17.8,Grand Rapids
7/1/2005,17.8,Grand Rapids
7/1/2005,17.8,Grand Rapids
7/1/2005,17.2,Grand Rapids
7/1/2005,16.7,Grand Rapids
7/1/2005,15,Grand Rapids
7/1/2005,15,Grand Rapids
7/2/2005,13.3,Grand Rapids
7/2/2005,11.7,Grand Rapids
7/2/2005,12.2,Grand Rapids
7/2/2005,11.7,Grand Rapids
7/2/2005,11.1,Grand Rapids
7/2/2005,10.6,Grand Rapids
7/2/2005,8.9,Grand Rapids
7/2/2005,9.4,Grand Rapids
7/2/2005,9.4,Grand Rapids
7/2/2005,10,Grand Rapids
7/2/2005,12.2,Grand Rapids
7/2/2005,12.2,Grand Rapids
7/2/2005,14.4,Grand Rapids
7/2/2005,16.7,Grand Rapids
7/2/2005,17.2,Grand Rapids
7/2/2005,17.2,Grand Rapids
7/2/2005,18.3,Grand Rapids
7/2/2005,19.4,Grand Rapids
7/2/2005,21.1,Grand Rapids
7/2/2005,20.6,Grand Rapids
7/2/2005,21.1,Grand Rapids
7/2/2005,22.2,Grand Rapids
7/2/2005,22.8,Grand Rapids
7/2/2005,22.8,Grand Rapids
7/2/2005,22.8,Grand Rapids
7/2/2005,22.8,Grand Rapids
7/2/2005,22.2,Grand Rapids
7/2/2005,22.2,Grand Rapids
7/2/2005,21.1,Grand Rapids
7/2/2005,18.9,Grand Rapids
7/2/2005,17.2,Grand Rapids
7/2/2005,16.7,Grand Rapids
